INSERT INTO MEMBER(MemberId,Fname,Lname,Password_) VALUES(1,'Serhat','Cancan','123');
INSERT INTO MEMBER(MemberId,Fname,Lname,Password_) VALUES(2,'Fatih','Ersoy','456');
INSERT INTO MEMBER(MemberId,Fname,Lname,Password_) VALUES(3,'Mehmet','Cancan','123');
INSERT INTO MEMBER(MemberId,Fname,Lname,Password_) VALUES(4,'Mert','Gulbahce','123');
INSERT INTO MEMBER(MemberId,Fname,Lname,Password_) VALUES(5,'Abdi','Ibrahim','123');
INSERT INTO MEMBER(MemberId,Fname,Lname,Password_) VALUES(6,'Mustafa','Tasci','123');
INSERT INTO MEMBER(MemberId,Fname,Lname,Password_) VALUES(7,'Mert','Can','123');	
INSERT INTO MEMBER(MemberId,Fname,Lname,Password_) VALUES(8,'Halit','Ince','123');

INSERT INTO MEMBER(MemberId,Fname,Lname,Password_) VALUES(9,'Enes','Kaplan','123');	
INSERT INTO MEMBER(MemberId,Fname,Lname,Password_) VALUES(10,'Murat','Unal','123');

INSERT INTO MEMBER_PROFILE(MProfileId,Mail,Phone,BDate,Sex,Address_) VALUES(1,'serhatcancan@gmail.com','05536658818','1998-11-17','m','bornova');
INSERT INTO MEMBER_PROFILE(MProfileId,Mail,Phone,BDate,Sex,Address_) VALUES(2,'mehmetcancan@gmail.com','05536658819','1997-12-17','m','bayrakli');
INSERT INTO MEMBER_PROFILE(MProfileId,Mail,Phone,BDate,Sex,Address_) VALUES(3,'mertgulbahce@gmail.com','05536658820','1995-09-17','m','tavas');
INSERT INTO MEMBER_PROFILE(MProfileId,Mail,Phone,BDate,Sex,Address_) VALUES(4,'mfersoy@gmail.com','05536659317','1997-01-07','m','of');
INSERT INTO MEMBER_PROFILE(MProfileId,Mail,Phone,BDate,Sex,Address_) VALUES(5,'serhatcancan99@gmail.com','0553665254','1997-01-17','m','amsterdam');
INSERT INTO MEMBER_PROFILE(MProfileId,Mail,Phone,BDate,Sex,Address_) VALUES(6,'mustafatasci@gmail.com','05536658820','1990-10-17','m','tavas');
INSERT INTO MEMBER_PROFILE(MProfileId,Mail,Phone,BDate,Sex,Address_) VALUES(7,'mertcan@gmail.com','05536659317','1999-02-07','m','of');
INSERT INTO MEMBER_PROFILE(MProfileId,Mail,Phone,BDate,Sex,Address_) VALUES(8,'halitince@gmail.com','0553665254','1997-04-17','m','amsterdam');
INSERT INTO MEMBER_PROFILE(MProfileId,Mail,Phone,BDate,Sex,Address_) VALUES(9,'eneskaplan@gmail.com','05536658820','1997-08-17','m','tavas');
INSERT INTO MEMBER_PROFILE(MProfileId,Mail,Phone,BDate,Sex,Address_) VALUES(10,'unalir@gmail.com','05556535454','1971-03-17','m','nazilli');

INSERT INTO EDUCATION(EduId,EduName) VALUES(1,'Ege University');
INSERT INTO EDUCATION(EduId,EduName) VALUES(2,'Dokuz Eylul University');
INSERT INTO EDUCATION(EduId,EduName) VALUES(3,'Yasar University');
INSERT INTO EDUCATION(EduId,EduName) VALUES(4,'Odtu University');
INSERT INTO EDUCATION(EduId,EduName) VALUES(5,'Bogazici University');

INSERT INTO COURSE(CourseId,CourseName,CourseDesc,InstructorName) VALUES(1,'DATABASE MANAGEMENT','VERITABANI OGRENIYORUM','MURAT OSMAN UNALIR');
INSERT INTO COURSE(CourseId,CourseName,CourseDesc,InstructorName) VALUES(2,'ALGORITMA VE PROGRAMLAMA','ALGORITMA OGRENIYORUM','OZGUR GUMUS');
INSERT INTO COURSE(CourseId,CourseName,CourseDesc,InstructorName) VALUES(3,'WINDOWS PROGRAMLAMA','C# OGRENIYORUM','OZGU CAN');
INSERT INTO COURSE(CourseId,CourseName,CourseDesc,InstructorName) VALUES(4,'NESNEYE DAYALI PROGRAMLAMA','NESNE TABANLI KODLAMA OGRENIYORUM','RIZA CENK ERDUR');
INSERT INTO COURSE(CourseId,CourseName,CourseDesc,InstructorName) VALUES(5,'ISLETIM SISTEMLERI','UNIX OGRENIYORUM','AYLIN KANTARCI');
INSERT INTO COURSE(CourseId,CourseName,CourseDesc,InstructorName) VALUES(6,'ISLETME','ISLETME OGRENIYORUM','HUSEYIN KANTARCI');
INSERT INTO COURSE(CourseId,CourseName,CourseDesc,InstructorName) VALUES(7,'MATEMATIK','MATEMATIK OGRENIYORUM','VECDI AYTAC');
INSERT INTO COURSE(CourseId,CourseName,CourseDesc,InstructorName) VALUES(8,'ANATOMI','ANATOMI OGRENIYORUM','YAREN AYTAC');

INSERT INTO COMPANY(CompanyId,CompanyName,Location_) VALUES(1,'IBM','ISTANBUL');
INSERT INTO COMPANY(CompanyId,CompanyName,Location_) VALUES(2,'VESTEL','MANISA');
INSERT INTO COMPANY(CompanyId,CompanyName,Location_) VALUES(3,'HAVELSAN','ANKARA');
INSERT INTO COMPANY(CompanyId,CompanyName,Location_) VALUES(4,'APPLE','USA');
INSERT INTO COMPANY(CompanyId,CompanyName,Location_) VALUES(5,'LINKEDIN','USA');
INSERT INTO COMPANY(CompanyId,CompanyName,Location_) VALUES(6,'TWITTER','IRLANDA');
INSERT INTO COMPANY(CompanyId,CompanyName,Location_) VALUES(7,'INFINITUM','ISTANBUL');
INSERT INTO COMPANY(CompanyId,CompanyName,Location_) VALUES(8,'ASELSAN','ANKARA');

INSERT INTO COMPANY_PROFILE(CProfileId,Founded,Website,Sector,CompDesc) VALUES(1,'1955','ibm.com','bilisim teknolojileri','sektorun onculerinden');
INSERT INTO COMPANY_PROFILE(CProfileId,Founded,Website,Sector,CompDesc) VALUES(2,'1984','vestel.com','Ekranci','Sektorun sayili tvcilerinden');
INSERT INTO COMPANY_PROFILE(CProfileId,Founded,Website,Sector,CompDesc) VALUES(3,'1982','havelsan.com','savunma sanayi','Sektorun savunanlarýndan');
INSERT INTO COMPANY_PROFILE(CProfileId,Founded,Website,Sector,CompDesc) VALUES(4,'1976','apple.com','telefoncu','sektorun telefoncusu');
INSERT INTO COMPANY_PROFILE(CProfileId,Founded,Website,Sector,CompDesc) VALUES(5,'2002','linkedin.com','Sosyal is buldurucu','cakma sosyal medya');
INSERT INTO COMPANY_PROFILE(CProfileId,Founded,Website,Sector,CompDesc) VALUES(6,'2006','twitter.com','Sosyal medya','Sosyal medya');
INSERT INTO COMPANY_PROFILE(CProfileId,Founded,Website,Sector,CompDesc) VALUES(7,'2015','infinitum.com','Guvenlik','Sisteminizin Guvenliði bizden sorulur');
INSERT INTO COMPANY_PROFILE(CProfileId,Founded,Website,Sector,CompDesc) VALUES(8,'1985','aselsan.com','Savunma Sanayi','Savunma Sanayi');

INSERT INTO COMPANY_HAS_PROFILE(CompanyId,CProfileId) VALUES(1,1);
INSERT INTO COMPANY_HAS_PROFILE(CompanyId,CProfileId) VALUES(2,2);
INSERT INTO COMPANY_HAS_PROFILE(CompanyId,CProfileId) VALUES(3,3);
INSERT INTO COMPANY_HAS_PROFILE(CompanyId,CProfileId) VALUES(4,4);
INSERT INTO COMPANY_HAS_PROFILE(CompanyId,CProfileId) VALUES(5,5);
INSERT INTO COMPANY_HAS_PROFILE(CompanyId,CProfileId) VALUES(6,6);
INSERT INTO COMPANY_HAS_PROFILE(CompanyId,CProfileId) VALUES(7,7);
INSERT INTO COMPANY_HAS_PROFILE(CompanyId,CProfileId) VALUES(8,8);

INSERT INTO MEMBER_HAS_PROFILE(MemberId,MProfileId) VALUES(1,1);
INSERT INTO MEMBER_HAS_PROFILE(MemberId,MProfileId) VALUES(2,4);
INSERT INTO MEMBER_HAS_PROFILE(MemberId,MProfileId) VALUES(3,2);
INSERT INTO MEMBER_HAS_PROFILE(MemberId,MProfileId) VALUES(4,5);
INSERT INTO MEMBER_HAS_PROFILE(MemberId,MProfileId) VALUES(5,3);
INSERT INTO MEMBER_HAS_PROFILE(MemberId,MProfileId) VALUES(6,6);
INSERT INTO MEMBER_HAS_PROFILE(MemberId,MProfileId) VALUES(7,7);
INSERT INTO MEMBER_HAS_PROFILE(MemberId,MProfileId) VALUES(8,8);
INSERT INTO MEMBER_HAS_PROFILE(MemberId,MProfileId) VALUES(9,9);
INSERT INTO MEMBER_HAS_PROFILE(MemberId,MProfileId) VALUES(10,10);

INSERT INTO STUDY(MemberId,EduId,Department,Degree,GPA,StartDate,EndDate) VALUES(1,1,'BILGISAYAR MUHENDISLIGI','LISANS',3.00,'2011-09-24','2015-10-24');
INSERT INTO STUDY(MemberId,EduId,Department,Degree,GPA,StartDate,EndDate) VALUES(1,2,'MAKINA MUHENDISLIGI','LISANS',2.74,'2016-09-23',NULL);
INSERT INTO STUDY(MemberId,EduId,Department,Degree,GPA,StartDate,EndDate) VALUES(2,3,'MIMARLIK','LISANS',3.00,'2015-09-24',NULL);
INSERT INTO STUDY(MemberId,EduId,Department,Degree,GPA,StartDate,EndDate) VALUES(3,4,'ELEKTRIK MUHENDISLIGI','LISANS',2.40,'2014-09-24','2018-06-23');
INSERT INTO STUDY(MemberId,EduId,Department,Degree,GPA,StartDate,EndDate) VALUES(4,5,'ISLETME','YUKSEK LISANS',3.23,'2016-09-24',NULL);
INSERT INTO STUDY(MemberId,EduId,Department,Degree,GPA,StartDate,EndDate) VALUES(4,4,'BILGISAYAR MUHENDISLIGI','LISANS',3.50,'2011-09-24','2016-01-20');
INSERT INTO STUDY(MemberId,EduId,Department,Degree,GPA,StartDate,EndDate) VALUES(5,1,'HEMSIRELIK FAKULTESI','LISANS',2.50,'2012-09-24','2017-06-20');
INSERT INTO STUDY(MemberId,EduId,Department,Degree,GPA,StartDate,EndDate) VALUES(6,2,'MAKINA MUHENDISLIGI','LISANS',3.00,'2016-09-24',NULL);
INSERT INTO STUDY(MemberId,EduId,Department,Degree,GPA,StartDate,EndDate) VALUES(7,3,'ENDUSTRI MUHENDISLIGI','LISANS',4.00,'2011-09-24','2016-06-20');
INSERT INTO STUDY(MemberId,EduId,Department,Degree,GPA,StartDate,EndDate) VALUES(8,1,'BILGISAYAR MUHENDISLIGI','LISANS',3.11,'2014-09-24','2019-06-20');
INSERT INTO STUDY(MemberId,EduId,Department,Degree,GPA,StartDate,EndDate) VALUES(9,1,'BILGISAYAR MUHENDISLIGI','LISANS',3.40,'2014-09-24','2019-06-20');

INSERT INTO CPROJECT(CProjectId,CProjectName,CourseId) VALUES(1,'LINKKARIYERMOOD',1);
INSERT INTO CPROJECT(CProjectId,CProjectName,CourseId) VALUES(2,'KARE TAMAMLAMACA',2);
INSERT INTO CPROJECT(CProjectId,CProjectName,CourseId) VALUES(3,'POLIKLINIK HASTA TAKÝP SÝSTEMÝ',3);
INSERT INTO CPROJECT(CProjectId,CProjectName,CourseId) VALUES(4,'DVD ENVANTER',2);
INSERT INTO CPROJECT(CProjectId,CProjectName,CourseId) VALUES(5,'TEXT EDITOR',4);
INSERT INTO CPROJECT(CProjectId,CProjectName,CourseId) VALUES(6,'MATEMATIK',7)

INSERT INTO DO_CPROJECT(MemberId,CProjectId,PGrade) VALUES(1,1,'AA');
INSERT INTO DO_CPROJECT(MemberId,CProjectId,PGrade) VALUES(1,2,'AA');
INSERT INTO DO_CPROJECT(MemberId,CProjectId,PGrade) VALUES(4,2,'BB');
INSERT INTO DO_CPROJECT(MemberId,CProjectId,PGrade) VALUES(4,1,'AA');
INSERT INTO DO_CPROJECT(MemberId,CProjectId,PGrade) VALUES(4,4,'CB');
INSERT INTO DO_CPROJECT(MemberId,CProjectId,PGrade) VALUES(1,4,'CC');
INSERT INTO DO_CPROJECT(MemberId,CProjectId,PGrade) VALUES(1,6,'BA');
INSERT INTO DO_CPROJECT(MemberId,CProjectId,PGrade) VALUES(2,6,'BB');
INSERT INTO DO_CPROJECT(MemberId,CProjectId,PGrade) VALUES(6,6,'BA');

INSERT INTO CAREER(MemberId,CompId,Title,StartDate,EndDate) VALUES(1,3,'Yazilim Muhendisi','2016-11-10','2017-11-20');
INSERT INTO CAREER(MemberId,CompId,Title,StartDate,EndDate) VALUES(1,1,'Proje Yoneticisi','2019-11-10',NULL);
INSERT INTO CAREER(MemberId,CompId,Title,StartDate,EndDate) VALUES(2,4,'Mimar','2016-11-10','2018-01-02');
INSERT INTO CAREER(MemberId,CompId,Title,StartDate,EndDate) VALUES(3,2,'Elektrik Muhendisi','2018-11-10',NULL);
INSERT INTO CAREER(MemberId,CompId,Title,StartDate,EndDate) VALUES(4,5,'Yazilim Muhendisi','2015-03-10','2016-01-20');
INSERT INTO CAREER(MemberId,CompId,Title,StartDate,EndDate) VALUES(4,6,'Yazilim Muhendisi','2016-03-10',NULL);
INSERT INTO CAREER(MemberId,CompId,Title,StartDate,EndDate) VALUES(6,2,'Stajyer','2019-06-10','2019-09-05');
INSERT INTO CAREER(MemberId,CompId,Title,StartDate,EndDate) VALUES(6,5,'Proje Yoneticisi','2020-01-01',NULL);
INSERT INTO CAREER(MemberId,CompId,Title,StartDate,EndDate) VALUES(7,1,'Proje Yoneticisi','2017-11-10','2019-09-30');
INSERT INTO CAREER(MemberId,CompId,Title,StartDate,EndDate) VALUES(7,3,'CEO','2019-11-29',NULL);
INSERT INTO CAREER(MemberId,CompId,Title,StartDate,EndDate) VALUES(8,7,'Siber Guvenlik Uzmani','2019-07-10',NULL);
INSERT INTO CAREER(MemberId,CompId,Title,StartDate,EndDate) VALUES(9,8,'Gomulu Sistem Uzmani','2019-08-15',NULL);

INSERT INTO GROUP_(GroupId,GroupName,CreaterId) VALUES(1,'SIBER GUVENLIK',8);
INSERT INTO GROUP_(GroupId,GroupName,CreaterId) VALUES(2,'DIGITAL MARKETING',2);
INSERT INTO GROUP_(GroupId,GroupName,CreaterId) VALUES(3,'IEEE',1);

INSERT INTO MANAGE_GROUP(MemberId,GroupId) VALUES(8,1);
INSERT INTO MANAGE_GROUP(MemberId,GroupId) VALUES(2,2);
INSERT INTO MANAGE_GROUP(MemberId,GroupId) VALUES(1,3);
INSERT INTO MANAGE_GROUP(MemberId,GroupId) VALUES(4,1);

INSERT INTO JOIN_GROUP(MemberId,GroupId) VALUES(8,1);
INSERT INTO JOIN_GROUP(MemberId,GroupId) VALUES(4,1);
INSERT INTO JOIN_GROUP(MemberId,GroupId) VALUES(9,1);
INSERT INTO JOIN_GROUP(MemberId,GroupId) VALUES(2,2);
INSERT INTO JOIN_GROUP(MemberId,GroupId) VALUES(4,2);
INSERT INTO JOIN_GROUP(MemberId,GroupId) VALUES(6,2);
INSERT INTO JOIN_GROUP(MemberId,GroupId) VALUES(1,3);
INSERT INTO JOIN_GROUP(MemberId,GroupId) VALUES(8,3);

INSERT INTO VIEW_PROFILE(MemberId,ViewerId) VALUES(1,2);
INSERT INTO VIEW_PROFILE(MemberId,ViewerId) VALUES(1,4);
INSERT INTO VIEW_PROFILE(MemberId,ViewerId) VALUES(2,3);
INSERT INTO VIEW_PROFILE(MemberId,ViewerId) VALUES(3,5);
INSERT INTO VIEW_PROFILE(MemberId,ViewerId) VALUES(1,9);
INSERT INTO VIEW_PROFILE(MemberId,ViewerId) VALUES(4,9);
INSERT INTO VIEW_PROFILE(MemberId,ViewerId) VALUES(4,8);

INSERT INTO REFERENCE(MemberId,MemberReferenceId,RefType) VALUES(1,2,'SUPERVISOR');
INSERT INTO REFERENCE(MemberId,MemberReferenceId,RefType) VALUES(3,4,'TEAM MATE');
INSERT INTO REFERENCE(MemberId,MemberReferenceId,RefType) VALUES(4,8,'SCHOLL MATE');
INSERT INTO REFERENCE(MemberId,MemberReferenceId,RefType) VALUES(4,9,'FRIEND');

INSERT INTO CHAT(MemberId,ChatterId,ChatDate,Text_) VALUES(10,4,'2019-12-27','HOCAM, MERHABA!');
INSERT INTO CHAT(MemberId,ChatterId,ChatDate,Text_) VALUES(10,2,'2019-12-27','NASILSINIZ?');
INSERT INTO CHAT(MemberId,ChatterId,ChatDate,Text_) VALUES(10,1,'2019-12-27','ÝYÝ GÜNLER :)');

INSERT INTO TALENT(TalentName,MemberId) VALUES('MSSQL',1);
INSERT INTO TALENT(TalentName,MemberId) VALUES('RAILS',1);
INSERT INTO TALENT(TalentName,MemberId) VALUES('C#',2);
INSERT INTO TALENT(TalentName,MemberId) VALUES('PYTHON',7);
INSERT INTO TALENT(TalentName,MemberId) VALUES('LINUX',4);
INSERT INTO TALENT(TalentName,MemberId) VALUES('JAVA',4);
INSERT INTO TALENT(TalentName,MemberId) VALUES('PYTHON',4);
INSERT INTO TALENT(TalentName,MemberId) VALUES('C++',6);
INSERT INTO TALENT(TalentName,MemberId) VALUES('LINUX',8);
INSERT INTO TALENT(TalentName,MemberId) VALUES('C',3);
INSERT INTO TALENT(TalentName,MemberId) VALUES('C',9);

INSERT INTO BOOKMARK(BookmarkId) VALUES(1);
INSERT INTO BOOKMARK(BookmarkId) VALUES(2);
INSERT INTO BOOKMARK(BookmarkId) VALUES(3);
INSERT INTO BOOKMARK(BookmarkId) VALUES(4);
INSERT INTO BOOKMARK(BookmarkId) VALUES(5);
INSERT INTO BOOKMARK(BookmarkId) VALUES(6);

INSERT INTO SAVE_(MemberId,BookmarkId,SaveDate) VALUES(1,1,'2019-11-10');
INSERT INTO SAVE_(MemberId,BookmarkId,SaveDate) VALUES(2,2,'2019-09-20');
INSERT INTO SAVE_(MemberId,BookmarkId,SaveDate) VALUES(3,1,'2019-11-30');
INSERT INTO SAVE_(MemberId,BookmarkId,SaveDate) VALUES(4,4,'2019-12-10');
INSERT INTO SAVE_(MemberId,BookmarkId,SaveDate) VALUES(5,3,'2019-09-10');
INSERT INTO SAVE_(MemberId,BookmarkId,SaveDate) VALUES(5,2,'2019-08-07');
INSERT INTO SAVE_(MemberId,BookmarkId,SaveDate) VALUES(6,5,'2019-09-10');
INSERT INTO SAVE_(MemberId,BookmarkId,SaveDate) VALUES(6,6,'2019-08-07');

INSERT INTO PUBLISHED(PublishedId,PublishedType,BookmarkId) VALUES (1,'event',1);
INSERT INTO PUBLISHED(PublishedId,PublishedType,BookmarkId) VALUES (2,'video',NULL);
INSERT INTO PUBLISHED(PublishedId,PublishedType,BookmarkId) VALUES (3,'image',2);
INSERT INTO PUBLISHED(PublishedId,PublishedType,BookmarkId) VALUES (4,'article',3);
INSERT INTO PUBLISHED(PublishedId,PublishedType,BookmarkId) VALUES (5,'video',NULL);
INSERT INTO PUBLISHED(PublishedId,PublishedType,BookmarkId) VALUES (6,'image',NULL);
INSERT INTO PUBLISHED(PublishedId,PublishedType,BookmarkId) VALUES (7,'event',NULL);
INSERT INTO PUBLISHED(PublishedId,PublishedType,BookmarkId) VALUES(8,'article',NULL);

INSERT INTO VIDEO(VideoId,PublishedId) VALUES(1,2);
INSERT INTO VIDEO(VideoId,PublishedId) VALUES(2,5);

INSERT INTO EVENT_(EventId,PublishedId) VALUES(1,1);
INSERT INTO EVENT_(EventId,PublishedId) VALUES(2,7);

INSERT INTO IMAGE_(ImageId,PublishedId) VALUES(1,3);
INSERT INTO IMAGE_(ImageId,PublishedId) VALUES(2,6);

INSERT INTO ARTICLE(ArticleId,PublishedId) VALUES(1,4);
INSERT INTO ARTICLE(ArticleId,PublishedId) VALUES(2,8);

INSERT INTO SHARE(MemberId,PublishedId,ShareDate) VALUES(1,1,'2019-05-10');
INSERT INTO SHARE(MemberId,PublishedId,ShareDate) VALUES(2,1,'2015-08-21');
INSERT INTO SHARE(MemberId,PublishedId,ShareDate) VALUES(3,2,'2018-01-10');
INSERT INTO SHARE(MemberId,PublishedId,ShareDate) VALUES(4,3,'2019-05-10');
INSERT INTO SHARE(MemberId,PublishedId,ShareDate) VALUES(5,2,'2019-05-10');
INSERT INTO SHARE(MemberId,PublishedId,ShareDate) VALUES(6,3,'2019-04-19');
INSERT INTO SHARE(MemberId,PublishedId,ShareDate) VALUES(7,5,'2019-02-18');
INSERT INTO SHARE(MemberId,PublishedId,ShareDate) VALUES(7,8,'2019-01-10');
INSERT INTO SHARE(MemberId,PublishedId,ShareDate) VALUES(6,4,'2019-08-11');
INSERT INTO SHARE(MemberId,PublishedId,ShareDate) VALUES(5,4,'2017-10-10');
INSERT INTO SHARE(MemberId,PublishedId,ShareDate) VALUES(4,8,'2018-05-10');
INSERT INTO SHARE(MemberId,PublishedId,ShareDate) VALUES(9,6,'2019-02-18');

INSERT INTO LIKE_(MemberId,PublishedId) VALUES (1,3);
INSERT INTO LIKE_(MemberId,PublishedId) VALUES (2,8);
INSERT INTO LIKE_(MemberId,PublishedId) VALUES (3,5);
INSERT INTO LIKE_(MemberId,PublishedId) VALUES (7,6);
INSERT INTO LIKE_(MemberId,PublishedId) VALUES (8,4);

INSERT INTO COMMENT(MemberId,PublishedId,Text_) VALUES(1,2,'Güzel video kardeþim :)');
INSERT INTO COMMENT(MemberId,PublishedId,Text_) VALUES(3,4,'Güzel yazý tavsiye ederim!!');
INSERT INTO COMMENT(MemberId,PublishedId,Text_) VALUES(5,3,'Yakiyorsun biladerim');
INSERT INTO COMMENT(MemberId,PublishedId,Text_) VALUES(6,7,'Mutlaka katýlacaðým');

INSERT INTO JOB_AD(JobAdId,JobTitle,Jdesc,JReqCourse,Jlocation,CompanyId,BookmarkId) VALUES(1,'YAZILIM MUHENDISI','PYTHON DILINE HAKIM','ALGORITMA VE PROGRAMLAMA','ISTANBUL',1,4);
INSERT INTO JOB_AD(JobAdId,JobTitle,Jdesc,JReqCourse,Jlocation,CompanyId,BookmarkId) VALUES(2,'ARGE MUHENDISI','C PROGRAMLAMA DILI VE GOMULU SISTEMLERE HAKIM','MATEMATIK','MANISA',2,NULL);
INSERT INTO JOB_AD(JobAdId,JobTitle,Jdesc,JReqCourse,Jlocation,CompanyId,BookmarkId) VALUES(3,'NESNE TABANLI YAZILIM MUHENDISI','C# C++ DILLERINDE DENEYIMLI','NESNEYE DAYALI PROGRAMLAMA','IRLANDA',6,NULL);
INSERT INTO JOB_AD(JobAdId,JobTitle,Jdesc,JReqCourse,Jlocation,CompanyId,BookmarkId) VALUES(4,'SISTEM MUHENDISI','ISO/IEC/IEEE 15288 STANDARTLARINA HAKIM','ISLETIM SISTEMLERI','ANKARA',3,NULL);
INSERT INTO JOB_AD(JobAdId,JobTitle,Jdesc,JReqCourse,Jlocation,CompanyId,BookmarkId) VALUES(5,'PROJE YONETICISI','APPLE TEKNOLOJILERINE HAKIM','MATEMATIK','USA',4,NULL);
INSERT INTO JOB_AD(JobAdId,JobTitle,Jdesc,JReqCourse,Jlocation,CompanyId,BookmarkId) VALUES(6,'JUNIOR YAZILIM MUHENDISI','RAILS VE LINUX UNIX ISLETIM SISTEMLERINE HAKIM','WINDOWS PROGRAMLAMA','ISTANBUL',1,NULL);
INSERT INTO JOB_AD(JobAdId,JobTitle,Jdesc,JReqCourse,Jlocation,CompanyId,BookmarkId) VALUES(7,'SIBER GUVENLIK UZMANI','SIBER GUVENLIK TEMELLERINI BILMEK','ISLETIM SISTEMLERI','ISTANBUL',7,NULL);
INSERT INTO JOB_AD(JobAdId,JobTitle,Jdesc,JReqCourse,Jlocation,CompanyId,BookmarkId) VALUES(8,'DATABASE ANALYST','MSSQL MYSQL DATABASE MANAGEMENT SISTEMLERINE HAKIM','DATABASE MANAGEMENT','USA',5,NULL);
INSERT INTO JOB_AD(JobAdId,JobTitle,Jdesc,JReqCourse,Jlocation,CompanyId,BookmarkId) VALUES(9,'YAZILIM GELISTIRME MUHENDISI','JAVA JQUERY AJAX JAVASCRIPT DENEYIMI OLMALI','ALGORITMA VE PROGRAMLAMA','MANISA',2,NULL);
INSERT INTO JOB_AD(JobAdId,JobTitle,Jdesc,JReqCourse,Jlocation,CompanyId,BookmarkId) VALUES(10,'SIBER GUVENLIK UZMANI','LINUX BILMELI','ISLETIM SISTEMLERI','ISTANBUL',7,5);
INSERT INTO JOB_AD(JobAdId,JobTitle,Jdesc,JReqCourse,Jlocation,CompanyId,BookmarkId) VALUES(11,'YAZILIM MUHENDISI','CLOUD DOCKER TEKNOLOJILERINDE DENEYIMLI','ALGORITMA VE PROGRAMLAMA','USA',5,6);
INSERT INTO JOB_AD(JobAdId,JobTitle,Jdesc,JReqCourse,Jlocation,CompanyId,BookmarkId) VALUES(12,'PROJE YONETICISI','TAKIM CALISMASINA UYUMLU','MATEMATIK','USA',5,NULL);
INSERT INTO JOB_AD(JobAdId,JobTitle,Jdesc,JReqCourse,Jlocation,CompanyId,BookmarkId) VALUES(13,'GOMULU SISTEM UZMANI','C PROGRAMLAMA DILINE HAKIM','ISLETIM SISTEMLERI','ANKARA',8,NULL);
INSERT INTO JOB_AD(JobAdId,JobTitle,Jdesc,JReqCourse,Jlocation,CompanyId,BookmarkId) VALUES(14,'CEO','BIRDEN FAZLA DIL BILMELI','ISLETME','USA',5,NULL);

INSERT INTO ENROLL_COURSE(MemberId,CourseId,CGrade) VALUES(1,1,'AA');
INSERT INTO ENROLL_COURSE(MemberId,CourseId,CGrade) VALUES(1,2,'BA');
INSERT INTO ENROLL_COURSE(MemberId,CourseId,CGrade) VALUES(1,3,'BB');
INSERT INTO ENROLL_COURSE(MemberId,CourseId,CGrade) VALUES(1,4,'CC');
INSERT INTO ENROLL_COURSE(MemberId,CourseId,CGrade) VALUES(1,7,'CB');
INSERT INTO ENROLL_COURSE(MemberId,CourseId,CGrade) VALUES(4,1,'AA');
INSERT INTO ENROLL_COURSE(MemberId,CourseId,CGrade) VALUES(4,2,'CC');
INSERT INTO ENROLL_COURSE(MemberId,CourseId,CGrade) VALUES(4,3,'BB');
INSERT INTO ENROLL_COURSE(MemberId,CourseId,CGrade) VALUES(4,4,'AA');
INSERT INTO ENROLL_COURSE(MemberId,CourseId,CGrade) VALUES(4,7,'CB');
INSERT INTO ENROLL_COURSE(MemberId,CourseId,CGrade) VALUES(4,6,'BA');
INSERT INTO ENROLL_COURSE(MemberId,CourseId,CGrade) VALUES(2,7,'BB');
INSERT INTO ENROLL_COURSE(MemberId,CourseId,CGrade) VALUES(3,7,'AA');
INSERT INTO ENROLL_COURSE(MemberId,CourseId,CGrade) VALUES(5,8,'CB');
INSERT INTO ENROLL_COURSE(MemberId,CourseId,CGrade) VALUES(6,3,'AA');
INSERT INTO ENROLL_COURSE(MemberId,CourseId,CGrade) VALUES(6,7,'CB');
INSERT INTO ENROLL_COURSE(MemberId,CourseId,CGrade) VALUES(7,6,'BA');
INSERT INTO ENROLL_COURSE(MemberId,CourseId,CGrade) VALUES(7,7,'BB');
INSERT INTO ENROLL_COURSE(MemberId,CourseId,CGrade) VALUES(8,7,'AA');
INSERT INTO ENROLL_COURSE(MemberId,CourseId,CGrade) VALUES(8,1,'CB');
INSERT INTO ENROLL_COURSE(MemberId,CourseId,CGrade) VALUES(9,5,'AA');

INSERT INTO APPLY_JOBAD(MemberId,JobAdId,ApplyDate) VALUES(1,8,'2020-01-01');
INSERT INTO APPLY_JOBAD(MemberId,JobAdId,ApplyDate) VALUES(4,1,'2020-01-01');
INSERT INTO APPLY_JOBAD(MemberId,JobAdId,ApplyDate) VALUES(6,5,'2020-01-01');
INSERT INTO APPLY_JOBAD(MemberId,JobAdId,ApplyDate) VALUES(4,2,'2019-01-01');
INSERT INTO APPLY_JOBAD(MemberId,JobAdId,ApplyDate) VALUES(7,14,'2019-10-10');
INSERT INTO APPLY_JOBAD(MemberId,JobAdId,ApplyDate) VALUES(8,10,'2020-01-01');
INSERT INTO APPLY_JOBAD(MemberId,JobAdId,ApplyDate) VALUES(8,4,'2019-06-20');
INSERT INTO APPLY_JOBAD(MemberId,JobAdId,ApplyDate) VALUES(9,13,'2019-05-10');
INSERT INTO APPLY_JOBAD(MemberId,JobAdId,ApplyDate) VALUES(6,3,'2020-01-01');
INSERT INTO APPLY_JOBAD(MemberId,JobAdId,ApplyDate) VALUES(6,1,'2019-12-01');
INSERT INTO APPLY_JOBAD(MemberId,JobAdId,ApplyDate) VALUES(6,2,'2019-01-30');
INSERT INTO APPLY_JOBAD(MemberId,JobAdId,ApplyDate) VALUES(6,12,'2019-10-30');
INSERT INTO APPLY_JOBAD(MemberId,JobAdId,ApplyDate) VALUES(3,2,'2019-10-30');
INSERT INTO APPLY_JOBAD(MemberId,JobAdId,ApplyDate) VALUES(3,12,'2019-10-30');

INSERT INTO VIEW_JOB_AD(MemberId,JobAdId) VALUES(1,4);
INSERT INTO VIEW_JOB_AD(MemberId,JobAdId) VALUES(4,1);
INSERT INTO VIEW_JOB_AD(MemberId,JobAdId) VALUES(6,5);
INSERT INTO VIEW_JOB_AD(MemberId,JobAdId) VALUES(4,2);
INSERT INTO VIEW_JOB_AD(MemberId,JobAdId) VALUES(7,14);
INSERT INTO VIEW_JOB_AD(MemberId,JobAdId) VALUES(8,10);
INSERT INTO VIEW_JOB_AD(MemberId,JobAdId) VALUES(8,4);
INSERT INTO VIEW_JOB_AD(MemberId,JobAdId) VALUES(9,13);
INSERT INTO VIEW_JOB_AD(MemberId,JobAdId) VALUES(6,3);
INSERT INTO VIEW_JOB_AD(MemberId,JobAdId) VALUES(6,1);
INSERT INTO VIEW_JOB_AD(MemberId,JobAdId) VALUES(6,2);
INSERT INTO VIEW_JOB_AD(MemberId,JobAdId) VALUES(6,12);
INSERT INTO VIEW_JOB_AD(MemberId,JobAdId) VALUES(6,13);
INSERT INTO VIEW_JOB_AD(MemberId,JobAdId) VALUES(5,3);
INSERT INTO VIEW_JOB_AD(MemberId,JobAdId) VALUES(7,1);
INSERT INTO VIEW_JOB_AD(MemberId,JobAdId) VALUES(3,2);
INSERT INTO VIEW_JOB_AD(MemberId,JobAdId) VALUES(2,12);
INSERT INTO VIEW_JOB_AD(MemberId,JobAdId) VALUES(7,13);
INSERT INTO VIEW_JOB_AD(MemberId,JobAdId) VALUES(5,13);
INSERT INTO VIEW_JOB_AD(MemberId,JobAdId) VALUES(8,1);
INSERT INTO VIEW_JOB_AD(MemberId,JobAdId) VALUES(2,2);
INSERT INTO VIEW_JOB_AD(MemberId,JobAdId) VALUES(4,12);

INSERT INTO COMPANY_USER(CUserId) VALUES(1);
INSERT INTO COMPANY_USER(CUserId) VALUES(2);
INSERT INTO COMPANY_USER(CUserId) VALUES(3);
INSERT INTO COMPANY_USER(CUserId) VALUES(4);
INSERT INTO COMPANY_USER(CUserId) VALUES(6);
INSERT INTO COMPANY_USER(CUserId) VALUES(7);
INSERT INTO COMPANY_USER(CUserId) VALUES(8);
INSERT INTO COMPANY_USER(CUserId) VALUES(9);

INSERT INTO MANAGE(CUserId,CompanyId) VALUES(1,1);
INSERT INTO MANAGE(CUserId,CompanyId) VALUES(2,4);
INSERT INTO MANAGE(CUserId,CompanyId) VALUES(3,2);
INSERT INTO MANAGE(CUserId,CompanyId) VALUES(4,6);
INSERT INTO MANAGE(CUserId,CompanyId) VALUES(6,5);
INSERT INTO MANAGE(CUserId,CompanyId) VALUES(7,3);
INSERT INTO MANAGE(CUserId,CompanyId) VALUES(8,7);
INSERT INTO MANAGE(CUserId,CompanyId) VALUES(9,8);

INSERT INTO CONNECT_MEMBER(MemberId,ConnecterId) VALUES(1,2);
INSERT INTO CONNECT_MEMBER(MemberId,ConnecterId) VALUES(2,1);
INSERT INTO CONNECT_MEMBER(MemberId,ConnecterId) VALUES(3,1);
INSERT INTO CONNECT_MEMBER(MemberId,ConnecterId) VALUES(1,3);
INSERT INTO CONNECT_MEMBER(MemberId,ConnecterId) VALUES(1,4);
INSERT INTO CONNECT_MEMBER(MemberId,ConnecterId) VALUES(4,1);
INSERT INTO CONNECT_MEMBER(MemberId,ConnecterId) VALUES(4,2);
INSERT INTO CONNECT_MEMBER(MemberId,ConnecterId) VALUES(2,4);
INSERT INTO CONNECT_MEMBER(MemberId,ConnecterId) VALUES(9,8);
INSERT INTO CONNECT_MEMBER(MemberId,ConnecterId) VALUES(8,9);
INSERT INTO CONNECT_MEMBER(MemberId,ConnecterId) VALUES(2,6);
INSERT INTO CONNECT_MEMBER(MemberId,ConnecterId) VALUES(6,2);

INSERT INTO ACHIEVEMENT(AchievementId) VALUES(1);
INSERT INTO ACHIEVEMENT(AchievementId) VALUES(2);
INSERT INTO ACHIEVEMENT(AchievementId) VALUES(3);

INSERT INTO CERTIFICATE_(AchID,CertificateName) VALUES(1,'DBMS');
INSERT INTO CERTIFICATE_(AchID,CertificateName) VALUES(2,'KRIZ YONETIMI');
INSERT INTO CERTIFICATE_(AchID,CertificateName) VALUES(3,'KRIPTOLOJI');

INSERT INTO PROJECT(AchID,ProjectName) VALUES (1,'TOGG');
INSERT INTO PROJECT(AchID,ProjectName) VALUES (2,'INSANSIZ HAVA ARACI');

INSERT INTO LANGUAGE_(AchId,LanguageName) VALUES(3,'INGILIZCE');
INSERT INTO LANGUAGE_(AchId,LanguageName) VALUES(2,'ALMANCA');

INSERT INTO TEST_SCORE(AchId,TestName,Score) VALUES(2,'ALES','100');
INSERT INTO TEST_SCORE(AchId,TestName,Score) VALUES(3,'YDS','90');

INSERT INTO SUCCESS(AchId,MemberId) VALUES (1,1);
INSERT INTO SUCCESS(AchId,MemberId) VALUES (1,2);
INSERT INTO SUCCESS(AchId,MemberId) VALUES (2,3);
INSERT INTO SUCCESS(AchId,MemberId) VALUES (2,2);

INSERT INTO INTEREST(InterestId,InterestType) VALUES(1,'education')
INSERT INTO INTEREST(InterestId,InterestType) VALUES(2,'education')
INSERT INTO INTEREST(InterestId,InterestType) VALUES(3,'education')
INSERT INTO INTEREST(InterestId,InterestType) VALUES(4,'company')
INSERT INTO INTEREST(InterestId,InterestType) VALUES(5,'company')
INSERT INTO INTEREST(InterestId,InterestType) VALUES(6,'company')
INSERT INTO INTEREST(InterestId,InterestType) VALUES(7,'leader')
INSERT INTO INTEREST(InterestId,InterestType) VALUES(8,'leader')
INSERT INTO INTEREST(InterestId,InterestType) VALUES(9,'leader')
INSERT INTO INTEREST(InterestId,InterestType) VALUES(10,'group')
INSERT INTO INTEREST(InterestId,InterestType) VALUES(11,'group')

INSERT INTO INTEREST_COMPANY(CompanyId,InterestId) VALUES(1,4)
INSERT INTO INTEREST_COMPANY(CompanyId,InterestId) VALUES(2,5)
INSERT INTO INTEREST_COMPANY(CompanyId,InterestId) VALUES(3,6)
INSERT INTO INTEREST_GROUP(GroupId,InterestId) VALUES(1,10)
INSERT INTO INTEREST_GROUP(GroupId,InterestId) VALUES(1,11)
INSERT INTO LEADER(LeaderId,InterestId) VALUES(10,7)
INSERT INTO LEADER(LeaderId,InterestId) VALUES(10,8)
INSERT INTO LEADER(LeaderId,InterestId) VALUES(10,9)
INSERT INTO SCHOOL(SchoolId,InterestId) VALUES(1,1)
INSERT INTO SCHOOL(SchoolId,InterestId) VALUES(2,2)
INSERT INTO SCHOOL(SchoolId,InterestId) VALUES(3,3)

INSERT INTO HAS_INTEREST(MemberId,InterestId) VALUES (1,7)
INSERT INTO HAS_INTEREST(MemberId,InterestId) VALUES (4,8)
INSERT INTO HAS_INTEREST(MemberId,InterestId) VALUES (3,9)
INSERT INTO HAS_INTEREST(MemberId,InterestId) VALUES (2,1)
INSERT INTO HAS_INTEREST(MemberId,InterestId) VALUES (1,1)
INSERT INTO HAS_INTEREST(MemberId,InterestId) VALUES (5,8)
INSERT INTO HAS_INTEREST(MemberId,InterestId) VALUES (2,11)
INSERT INTO HAS_INTEREST(MemberId,InterestId) VALUES (3,4)
INSERT INTO HAS_INTEREST(MemberId,InterestId) VALUES (1,5)
INSERT INTO HAS_INTEREST(MemberId,InterestId) VALUES (7,6)
INSERT INTO HAS_INTEREST(MemberId,InterestId) VALUES (8,3)
INSERT INTO HAS_INTEREST(MemberId,InterestId) VALUES (1,2)